Workbook

Sheet Inspections
A1: inspection_id | B1: date | C1: technician | D1: customer | E1: unit_number | F1: plate | G1: vin | H1: odometer | I1: axle_config | J1: position | K1: brand | L1: model | M1: size | N1: dot_code | O1: depth_inner_32nds | P1: depth_centre_32nds | Q1: depth_outer_32nds | R1: depth_min_32nds | S1: depth_min_mm | T1: pressure_psi | U1: status | V1: method | W1: photo_url | X1: notes | Y1: scan_confidence_32nds | Z1: survey_id | AA1: location | AB1: reported_by | AC1: vehicle_type | AD1: axle_role | AE1: config_code | AF1: slot | AG1: valve_cap | AH1: pull_point_32nds | AI1: rec_psi | AJ1: min_psi | AK1: retreads_allowed
A2: 20260908-1432-AB12 | B2: 2026-09-08T14:32:00 | C2: M. Francis | D2: Acme Freight | E2: 42 | F2: ABC 123 | G2: 1FUJGLDR5CSBB1234 | H2: 512000 | I2: TRACTOR_3A | J2: LF | K2: Michelin | L2: XZE2 | M2: 11R22.5 | N2: DOT B9 4K 2325 | O2: 6 | P2: 5 | Q2: 7 | R2: 5 | S2: 3.97 | T2: 105 | U2: WATCH | V2: gauge | X2: EXAMPLE ROW — delete once real data is imported | Z2: 165881 | AA2: Clarington, Ontario | AB2: M. Francis | AC2: Tractor - Class 8 | AD2: steer | AE2: 2S-4D-4D | AF2: 1 | AG2: ok | AH2: 5 | AI2: 100 | AJ2: 80 | AK2: No

Sheet Fleet Summary
A1: Fleet summary — most recent inspection per unit
A2: Type unit numbers into the yellow cells. Everything else is calculated.
A4: Unit | B4: Customer | C4: Last inspection | D4: Odometer | E4: Latest ref | F4: Tires | G4: Replace | H4: Watch | I4: OK | J4: Lowest tread | K4: Lowest position | L4: Action
A5: 42 | B5: =IF(OR($A5="",$E5=""),"",IFERROR(INDEX(Inspections!$D$2:$D$2000,MATCH($E5,Inspections!$A$2:$A$2000,0)),"")) | C5: =IF(OR($A5="",$E5=""),"",IFERROR(INDEX(Inspections!$B$2:$B$2000,MATCH($E5,Inspections!$A$2:$A$2000,0)),"")) | D5: =IF(OR($A5="",$E5=""),"",IFERROR(INDEX(Inspections!$H$2:$H$2000,MATCH($E5,Inspections!$A$2:$A$2000,0)),"")) | E5: =IF($A5="","",IFERROR(INDEX(Inspections!$A$2:$A$2000,SUMPRODUCT(MAX((Inspections!$E$2:$E$2000=$A5)*(IFERROR(VALUE(LEFT(Inspections!$A$2:$A$2000,8)&MID(Inspections!$A$2:$A$2000,10,4)),0)=SUMPRODUCT(MAX((Inspections!$E$2:$E$2000=$A5)*IFERROR(VALUE(LEFT(Inspections!$A$2:$A$2000,8)&MID(Inspections!$A$2:$A$2000,10,4)),0))))*ROW(Inspections!$A$2:$A$2000)))-1),"")) | F5: =IF(OR($A5="",$E5=""),"",COUNTIFS(Inspections!$A$2:$A$2000,$E5,Inspections!$R$2:$R$2000,"<>")) | G5: =IF(OR($A5="",$E5=""),"",COUNTIFS(Inspections!$A$2:$A$2000,$E5,Inspections!$U$2:$U$2000,"REPLACE")) | H5: =IF(OR($A5="",$E5=""),"",COUNTIFS(Inspections!$A$2:$A$2000,$E5,Inspections!$U$2:$U$2000,"WATCH")) | I5: =IF(OR($A5="",$E5=""),"",COUNTIFS(Inspections!$A$2:$A$2000,$E5,Inspections!$U$2:$U$2000,"OK")) | J5: =IF(OR($A5="",$E5=""),"",IF($F5=0,"",99-SUMPRODUCT(MAX((Inspections!$A$2:$A$2000=$E5)*(Inspections!$R$2:$R$2000<>"")*(99-Inspections!$R$2:$R$2000))))) | K5: =IF(OR($A5="",$J5=""),"",IFERROR(INDEX(Inspections!$J$2:$J$2000,SUMPRODUCT(MAX((Inspections!$A$2:$A$2000=$E5)*(Inspections!$R$2:$R$2000=$J5)*ROW(Inspections!$J$2:$J$2000)))-1),"")) | L5: =IF(OR($A5="",$E5=""),"",IF($G5>0,"Replace "&$G5&" tire(s) now — unit is out of service",IF($H5>0,"Book "&$H5&" tire(s) soon","OK")))
B6: =IF(OR($A6="",$E6=""),"",IFERROR(INDEX(Inspections!$D$2:$D$2000,MATCH($E6,Inspections!$A$2:$A$2000,0)),"")) | C6: =IF(OR($A6="",$E6=""),"",IFERROR(INDEX(Inspections!$B$2:$B$2000,MATCH($E6,Inspections!$A$2:$A$2000,0)),"")) | D6: =IF(OR($A6="",$E6=""),"",IFERROR(INDEX(Inspections!$H$2:$H$2000,MATCH($E6,Inspections!$A$2:$A$2000,0)),"")) | E6: =IF($A6="","",IFERROR(INDEX(Inspections!$A$2:$A$2000,SUMPRODUCT(MAX((Inspections!$E$2:$E$2000=$A6)*(IFERROR(VALUE(LEFT(Inspections!$A$2:$A$2000,8)&MID(Inspections!$A$2:$A$2000,10,4)),0)=SUMPRODUCT(MAX((Inspections!$E$2:$E$2000=$A6)*IFERROR(VALUE(LEFT(Inspections!$A$2:$A$2000,8)&MID(Inspections!$A$2:$A$2000,10,4)),0))))*ROW(Inspections!$A$2:$A$2000)))-1),"")) | F6: =IF(OR($A6="",$E6=""),"",COUNTIFS(Inspections!$A$2:$A$2000,$E6,Inspections!$R$2:$R$2000,"<>")) | G6: =IF(OR($A6="",$E6=""),"",COUNTIFS(Inspections!$A$2:$A$2000,$E6,Inspections!$U$2:$U$2000,"REPLACE")) | H6: =IF(OR($A6="",$E6=""),"",COUNTIFS(Inspections!$A$2:$A$2000,$E6,Inspections!$U$2:$U$2000,"WATCH")) | I6: =IF(OR($A6="",$E6=""),"",COUNTIFS(Inspections!$A$2:$A$2000,$E6,Inspections!$U$2:$U$2000,"OK")) | J6: =IF(OR($A6="",$E6=""),"",IF($F6=0,"",99-SUMPRODUCT(MAX((Inspections!$A$2:$A$2000=$E6)*(Inspections!$R$2:$R$2000<>"")*(99-Inspections!$R$2:$R$2000))))) | K6: =IF(OR($A6="",$J6=""),"",IFERROR(INDEX(Inspections!$J$2:$J$2000,SUMPRODUCT(MAX((Inspections!$A$2:$A$2000=$E6)*(Inspections!$R$2:$R$2000=$J6)*ROW(Inspections!$J$2:$J$2000)))-1),"")) | L6: =IF(OR($A6="",$E6=""),"",IF($G6>0,"Replace "&$G6&" tire(s) now — unit is out of service",IF($H6>0,"Book "&$H6&" tire(s) soon","OK")))
B7: =IF(OR($A7="",$E7=""),"",IFERROR(INDEX(Inspections!$D$2:$D$2000,MATCH($E7,Inspections!$A$2:$A$2000,0)),"")) | C7: =IF(OR($A7="",$E7=""),"",IFERROR(INDEX(Inspections!$B$2:$B$2000,MATCH($E7,Inspections!$A$2:$A$2000,0)),"")) | D7: =IF(OR($A7="",$E7=""),"",IFERROR(INDEX(Inspections!$H$2:$H$2000,MATCH($E7,Inspections!$A$2:$A$2000,0)),"")) | E7: =IF($A7="","",IFERROR(INDEX(Inspections!$A$2:$A$2000,SUMPRODUCT(MAX((Inspections!$E$2:$E$2000=$A7)*(IFERROR(VALUE(LEFT(Inspections!$A$2:$A$2000,8)&MID(Inspections!$A$2:$A$2000,10,4)),0)=SUMPRODUCT(MAX((Inspections!$E$2:$E$2000=$A7)*IFERROR(VALUE(LEFT(Inspections!$A$2:$A$2000,8)&MID(Inspections!$A$2:$A$2000,10,4)),0))))*ROW(Inspections!$A$2:$A$2000)))-1),"")) | F7: =IF(OR($A7="",$E7=""),"",COUNTIFS(Inspections!$A$2:$A$2000,$E7,Inspections!$R$2:$R$2000,"<>")) | G7: =IF(OR($A7="",$E7=""),"",COUNTIFS(Inspections!$A$2:$A$2000,$E7,Inspections!$U$2:$U$2000,"REPLACE")) | H7: =IF(OR($A7="",$E7=""),"",COUNTIFS(Inspections!$A$2:$A$2000,$E7,Inspections!$U$2:$U$2000,"WATCH")) | I7: =IF(OR($A7="",$E7=""),"",COUNTIFS(Inspections!$A$2:$A$2000,$E7,Inspections!$U$2:$U$2000,"OK")) | J7: =IF(OR($A7="",$E7=""),"",IF($F7=0,"",99-SUMPRODUCT(MAX((Inspections!$A$2:$A$2000=$E7)*(Inspections!$R$2:$R$2000<>"")*(99-Inspections!$R$2:$R$2000))))) | K7: =IF(OR($A7="",$J7=""),"",IFERROR(INDEX(Inspections!$J$2:$J$2000,SUMPRODUCT(MAX((Inspections!$A$2:$A$2000=$E7)*(Inspections!$R$2:$R$2000=$J7)*ROW(Inspections!$J$2:$J$2000)))-1),"")) | L7: =IF(OR($A7="",$E7=""),"",IF($G7>0,"Replace "&$G7&" tire(s) now — unit is out of service",IF($H7>0,"Book "&$H7&" tire(s) soon","OK")))
B8: =IF(OR($A8="",$E8=""),"",IFERROR(INDEX(Inspections!$D$2:$D$2000,MATCH($E8,Inspections!$A$2:$A$2000,0)),"")) | C8: =IF(OR($A8="",$E8=""),"",IFERROR(INDEX(Inspections!$B$2:$B$2000,MATCH($E8,Inspections!$A$2:$A$2000,0)),"")) | D8: =IF(OR($A8="",$E8=""),"",IFERROR(INDEX(Inspections!$H$2:$H$2000,MATCH($E8,Inspections!$A$2:$A$2000,0)),"")) | E8: =IF($A8="","",IFERROR(INDEX(Inspections!$A$2:$A$2000,SUMPRODUCT(MAX((Inspections!$E$2:$E$2000=$A8)*(IFERROR(VALUE(LEFT(Inspections!$A$2:$A$2000,8)&MID(Inspections!$A$2:$A$2000,10,4)),0)=SUMPRODUCT(MAX((Inspections!$E$2:$E$2000=$A8)*IFERROR(VALUE(LEFT(Inspections!$A$2:$A$2000,8)&MID(Inspections!$A$2:$A$2000,10,4)),0))))*ROW(Inspections!$A$2:$A$2000)))-1),"")) | F8: =IF(OR($A8="",$E8=""),"",COUNTIFS(Inspections!$A$2:$A$2000,$E8,Inspections!$R$2:$R$2000,"<>")) | G8: =IF(OR($A8="",$E8=""),"",COUNTIFS(Inspections!$A$2:$A$2000,$E8,Inspections!$U$2:$U$2000,"REPLACE")) | H8: =IF(OR($A8="",$E8=""),"",COUNTIFS(Inspections!$A$2:$A$2000,$E8,Inspections!$U$2:$U$2000,"WATCH")) | I8: =IF(OR($A8="",$E8=""),"",COUNTIFS(Inspections!$A$2:$A$2000,$E8,Inspections!$U$2:$U$2000,"OK")) | J8: =IF(OR($A8="",$E8=""),"",IF($F8=0,"",99-SUMPRODUCT(MAX((Inspections!$A$2:$A$2000=$E8)*(Inspections!$R$2:$R$2000<>"")*(99-Inspections!$R$2:$R$2000))))) | K8: =IF(OR($A8="",$J8=""),"",IFERROR(INDEX(Inspections!$J$2:$J$2000,SUMPRODUCT(MAX((Inspections!$A$2:$A$2000=$E8)*(Inspections!$R$2:$R$2000=$J8)*ROW(Inspections!$J$2:$J$2000)))-1),"")) | L8: =IF(OR($A8="",$E8=""),"",IF($G8>0,"Replace "&$G8&" tire(s) now — unit is out of service",IF($H8>0,"Book "&$H8&" tire(s) soon","OK")))
B9: =IF(OR($A9="",$E9=""),"",IFERROR(INDEX(Inspections!$D$2:$D$2000,MATCH($E9,Inspections!$A$2:$A$2000,0)),"")) | C9: =IF(OR($A9="",$E9=""),"",IFERROR(INDEX(Inspections!$B$2:$B$2000,MATCH($E9,Inspections!$A$2:$A$2000,0)),"")) | D9: =IF(OR($A9="",$E9=""),"",IFERROR(INDEX(Inspections!$H$2:$H$2000,MATCH($E9,Inspections!$A$2:$A$2000,0)),"")) | E9: =IF($A9="","",IFERROR(INDEX(Inspections!$A$2:$A$2000,SUMPRODUCT(MAX((Inspections!$E$2:$E$2000=$A9)*(IFERROR(VALUE(LEFT(Inspections!$A$2:$A$2000,8)&MID(Inspections!$A$2:$A$2000,10,4)),0)=SUMPRODUCT(MAX((Inspections!$E$2:$E$2000=$A9)*IFERROR(VALUE(LEFT(Inspections!$A$2:$A$2000,8)&MID(Inspections!$A$2:$A$2000,10,4)),0))))*ROW(Inspections!$A$2:$A$2000)))-1),"")) | F9: =IF(OR($A9="",$E9=""),"",COUNTIFS(Inspections!$A$2:$A$2000,$E9,Inspections!$R$2:$R$2000,"<>")) | G9: =IF(OR($A9="",$E9=""),"",COUNTIFS(Inspections!$A$2:$A$2000,$E9,Inspections!$U$2:$U$2000,"REPLACE")) | H9: =IF(OR($A9="",$E9=""),"",COUNTIFS(Inspections!$A$2:$A$2000,$E9,Inspections!$U$2:$U$2000,"WATCH")) | I9: =IF(OR($A9="",$E9=""),"",COUNTIFS(Inspections!$A$2:$A$2000,$E9,Inspections!$U$2:$U$2000,"OK")) | J9: =IF(OR($A9="",$E9=""),"",IF($F9=0,"",99-SUMPRODUCT(MAX((Inspections!$A$2:$A$2000=$E9)*(Inspections!$R$2:$R$2000<>"")*(99-Inspections!$R$2:$R$2000))))) | K9: =IF(OR($A9="",$J9=""),"",IFERROR(INDEX(Inspections!$J$2:$J$2000,SUMPRODUCT(MAX((Inspections!$A$2:$A$2000=$E9)*(Inspections!$R$2:$R$2000=$J9)*ROW(Inspections!$J$2:$J$2000)))-1),"")) | L9: =IF(OR($A9="",$E9=""),"",IF($G9>0,"Replace "&$G9&" tire(s) now — unit is out of service",IF($H9>0,"Book "&$H9&" tire(s) soon","OK")))
B10: =IF(OR($A10="",$E10=""),"",IFERROR(INDEX(Inspections!$D$2:$D$2000,MATCH($E10,Inspections!$A$2:$A$2000,0)),"")) | C10: =IF(OR($A10="",$E10=""),"",IFERROR(INDEX(Inspections!$B$2:$B$2000,MATCH($E10,Inspections!$A$2:$A$2000,0)),"")) | D10: =IF(OR($A10="",$E10=""),"",IFERROR(INDEX(Inspections!$H$2:$H$2000,MATCH($E10,Inspections!$A$2:$A$2000,0)),"")) | E10: =IF($A10="","",IFERROR(INDEX(Inspections!$A$2:$A$2000,SUMPRODUCT(MAX((Inspections!$E$2:$E$2000=$A10)*(IFERROR(VALUE(LEFT(Inspections!$A$2:$A$2000,8)&MID(Inspections!$A$2:$A$2000,10,4)),0)=SUMPRODUCT(MAX((Inspections!$E$2:$E$2000=$A10)*IFERROR(VALUE(LEFT(Inspections!$A$2:$A$2000,8)&MID(Inspections!$A$2:$A$2000,10,4)),0))))*ROW(Inspections!$A$2:$A$2000)))-1),"")) | F10: =IF(OR($A10="",$E10=""),"",COUNTIFS(Inspections!$A$2:$A$2000,$E10,Inspections!$R$2:$R$2000,"<>")) | G10: =IF(OR($A10="",$E10=""),"",COUNTIFS(Inspections!$A$2:$A$2000,$E10,Inspections!$U$2:$U$2000,"REPLACE")) | H10: =IF(OR($A10="",$E10=""),"",COUNTIFS(Inspections!$A$2:$A$2000,$E10,Inspections!$U$2:$U$2000,"WATCH")) | I10: =IF(OR($A10="",$E10=""),"",COUNTIFS(Inspections!$A$2:$A$2000,$E10,Inspections!$U$2:$U$2000,"OK")) | J10: =IF(OR($A10="",$E10=""),"",IF($F10=0,"",99-SUMPRODUCT(MAX((Inspections!$A$2:$A$2000=$E10)*(Inspections!$R$2:$R$2000<>"")*(99-Inspections!$R$2:$R$2000))))) | K10: =IF(OR($A10="",$J10=""),"",IFERROR(INDEX(Inspections!$J$2:$J$2000,SUMPRODUCT(MAX((Inspections!$A$2:$A$2000=$E10)*(Inspections!$R$2:$R$2000=$J10)*ROW(Inspections!$J$2:$J$2000)))-1),"")) | L10: =IF(OR($A10="",$E10=""),"",IF($G10>0,"Replace "&$G10&" tire(s) now — unit is out of service",IF($H10>0,"Book "&$H10&" tire(s) soon","OK")))
B11: =IF(OR($A11="",$E11=""),"",IFERROR(INDEX(Inspections!$D$2:$D$2000,MATCH($E11,Inspections!$A$2:$A$2000,0)),"")) | C11: =IF(OR($A11="",$E11=""),"",IFERROR(INDEX(Inspections!$B$2:$B$2000,MATCH($E11,Inspections!$A$2:$A$2000,0)),"")) | D11: =IF(OR($A11="",$E11=""),"",IFERROR(INDEX(Inspections!$H$2:$H$2000,MATCH($E11,Inspections!$A$2:$A$2000,0)),"")) | E11: =IF($A11="","",IFERROR(INDEX(Inspections!$A$2:$A$2000,SUMPRODUCT(MAX((Inspections!$E$2:$E$2000=$A11)*(IFERROR(VALUE(LEFT(Inspections!$A$2:$A$2000,8)&MID(Inspections!$A$2:$A$2000,10,4)),0)=SUMPRODUCT(MAX((Inspections!$E$2:$E$2000=$A11)*IFERROR(VALUE(LEFT(Inspections!$A$2:$A$2000,8)&MID(Inspections!$A$2:$A$2000,10,4)),0))))*ROW(Inspections!$A$2:$A$2000)))-1),"")) | F11: =IF(OR($A11="",$E11=""),"",COUNTIFS(Inspections!$A$2:$A$2000,$E11,Inspections!$R$2:$R$2000,"<>")) | G11: =IF(OR($A11="",$E11=""),"",COUNTIFS(Inspections!$A$2:$A$2000,$E11,Inspections!$U$2:$U$2000,"REPLACE")) | H11: =IF(OR($A11="",$E11=""),"",COUNTIFS(Inspections!$A$2:$A$2000,$E11,Inspections!$U$2:$U$2000,"WATCH")) | I11: =IF(OR($A11="",$E11=""),"",COUNTIFS(Inspections!$A$2:$A$2000,$E11,Inspections!$U$2:$U$2000,"OK")) | J11: =IF(OR($A11="",$E11=""),"",IF($F11=0,"",99-SUMPRODUCT(MAX((Inspections!$A$2:$A$2000=$E11)*(Inspections!$R$2:$R$2000<>"")*(99-Inspections!$R$2:$R$2000))))) | K11: =IF(OR($A11="",$J11=""),"",IFERROR(INDEX(Inspections!$J$2:$J$2000,SUMPRODUCT(MAX((Inspections!$A$2:$A$2000=$E11)*(Inspections!$R$2:$R$2000=$J11)*ROW(Inspections!$J$2:$J$2000)))-1),"")) | L11: =IF(OR($A11="",$E11=""),"",IF($G11>0,"Replace "&$G11&" tire(s) now — unit is out of service",IF($H11>0,"Book "&$H11&" tire(s) soon","OK")))
B12: =IF(OR($A12="",$E12=""),"",IFERROR(INDEX(Inspections!$D$2:$D$2000,MATCH($E12,Inspections!$A$2:$A$2000,0)),"")) | C12: =IF(OR($A12="",$E12=""),"",IFERROR(INDEX(Inspections!$B$2:$B$2000,MATCH($E12,Inspections!$A$2:$A$2000,0)),"")) | D12: =IF(OR($A12="",$E12=""),"",IFERROR(INDEX(Inspections!$H$2:$H$2000,MATCH($E12,Inspections!$A$2:$A$2000,0)),"")) | E12: =IF($A12="","",IFERROR(INDEX(Inspections!$A$2:$A$2000,SUMPRODUCT(MAX((Inspections!$E$2:$E$2000=$A12)*(IFERROR(VALUE(LEFT(Inspections!$A$2:$A$2000,8)&MID(Inspections!$A$2:$A$2000,10,4)),0)=SUMPRODUCT(MAX((Inspections!$E$2:$E$2000=$A12)*IFERROR(VALUE(LEFT(Inspections!$A$2:$A$2000,8)&MID(Inspections!$A$2:$A$2000,10,4)),0))))*ROW(Inspections!$A$2:$A$2000)))-1),"")) | F12: =IF(OR($A12="",$E12=""),"",COUNTIFS(Inspections!$A$2:$A$2000,$E12,Inspections!$R$2:$R$2000,"<>")) | G12: =IF(OR($A12="",$E12=""),"",COUNTIFS(Inspections!$A$2:$A$2000,$E12,Inspections!$U$2:$U$2000,"REPLACE")) | H12: =IF(OR($A12="",$E12=""),"",COUNTIFS(Inspections!$A$2:$A$2000,$E12,Inspections!$U$2:$U$2000,"WATCH")) | I12: =IF(OR($A12="",$E12=""),"",COUNTIFS(Inspections!$A$2:$A$2000,$E12,Inspections!$U$2:$U$2000,"OK")) | J12: =IF(OR($A12="",$E12=""),"",IF($F12=0,"",99-SUMPRODUCT(MAX((Inspections!$A$2:$A$2000=$E12)*(Inspections!$R$2:$R$2000<>"")*(99-Inspections!$R$2:$R$2000))))) | K12: =IF(OR($A12="",$J12=""),"",IFERROR(INDEX(Inspections!$J$2:$J$2000,SUMPRODUCT(MAX((Inspections!$A$2:$A$2000=$E12)*(Inspections!$R$2:$R$2000=$J12)*ROW(Inspections!$J$2:$J$2000)))-1),"")) | L12: =IF(OR($A12="",$E12=""),"",IF($G12>0,"Replace "&$G12&" tire(s) now — unit is out of service",IF($H12>0,"Book "&$H12&" tire(s) soon","OK")))
B13: =IF(OR($A13="",$E13=""),"",IFERROR(INDEX(Inspections!$D$2:$D$2000,MATCH($E13,Inspections!$A$2:$A$2000,0)),"")) | C13: =IF(OR($A13="",$E13=""),"",IFERROR(INDEX(Inspections!$B$2:$B$2000,MATCH($E13,Inspections!$A$2:$A$2000,0)),"")) | D13: =IF(OR($A13="",$E13=""),"",IFERROR(INDEX(Inspections!$H$2:$H$2000,MATCH($E13,Inspections!$A$2:$A$2000,0)),"")) | E13: =IF($A13="","",IFERROR(INDEX(Inspections!$A$2:$A$2000,SUMPRODUCT(MAX((Inspections!$E$2:$E$2000=$A13)*(IFERROR(VALUE(LEFT(Inspections!$A$2:$A$2000,8)&MID(Inspections!$A$2:$A$2000,10,4)),0)=SUMPRODUCT(MAX((Inspections!$E$2:$E$2000=$A13)*IFERROR(VALUE(LEFT(Inspections!$A$2:$A$2000,8)&MID(Inspections!$A$2:$A$2000,10,4)),0))))*ROW(Inspections!$A$2:$A$2000)))-1),"")) | F13: =IF(OR($A13="",$E13=""),"",COUNTIFS(Inspections!$A$2:$A$2000,$E13,Inspections!$R$2:$R$2000,"<>")) | G13: =IF(OR($A13="",$E13=""),"",COUNTIFS(Inspections!$A$2:$A$2000,$E13,Inspections!$U$2:$U$2000,"REPLACE")) | H13: =IF(OR($A13="",$E13=""),"",COUNTIFS(Inspections!$A$2:$A$2000,$E13,Inspections!$U$2:$U$2000,"WATCH")) | I13: =IF(OR($A13="",$E13=""),"",COUNTIFS(Inspections!$A$2:$A$2000,$E13,Inspections!$U$2:$U$2000,"OK")) | J13: =IF(OR($A13="",$E13=""),"",IF($F13=0,"",99-SUMPRODUCT(MAX((Inspections!$A$2:$A$2000=$E13)*(Inspections!$R$2:$R$2000<>"")*(99-Inspections!$R$2:$R$2000))))) | K13: =IF(OR($A13="",$J13=""),"",IFERROR(INDEX(Inspections!$J$2:$J$2000,SUMPRODUCT(MAX((Inspections!$A$2:$A$2000=$E13)*(Inspections!$R$2:$R$2000=$J13)*ROW(Inspections!$J$2:$J$2000)))-1),"")) | L13: =IF(OR($A13="",$E13=""),"",IF($G13>0,"Replace "&$G13&" tire(s) now — unit is out of service",IF($H13>0,"Book "&$H13&" tire(s) soon","OK")))
B14: =IF(OR($A14="",$E14=""),"",IFERROR(INDEX(Inspections!$D$2:$D$2000,MATCH($E14,Inspections!$A$2:$A$2000,0)),"")) | C14: =IF(OR($A14="",$E14=""),"",IFERROR(INDEX(Inspections!$B$2:$B$2000,MATCH($E14,Inspections!$A$2:$A$2000,0)),"")) | D14: =IF(OR($A14="",$E14=""),"",IFERROR(INDEX(Inspections!$H$2:$H$2000,MATCH($E14,Inspections!$A$2:$A$2000,0)),"")) | E14: =IF($A14="","",IFERROR(INDEX(Inspections!$A$2:$A$2000,SUMPRODUCT(MAX((Inspections!$E$2:$E$2000=$A14)*(IFERROR(VALUE(LEFT(Inspections!$A$2:$A$2000,8)&MID(Inspections!$A$2:$A$2000,10,4)),0)=SUMPRODUCT(MAX((Inspections!$E$2:$E$2000=$A14)*IFERROR(VALUE(LEFT(Inspections!$A$2:$A$2000,8)&MID(Inspections!$A$2:$A$2000,10,4)),0))))*ROW(Inspections!$A$2:$A$2000)))-1),"")) | F14: =IF(OR($A14="",$E14=""),"",COUNTIFS(Inspections!$A$2:$A$2000,$E14,Inspections!$R$2:$R$2000,"<>")) | G14: =IF(OR($A14="",$E14=""),"",COUNTIFS(Inspections!$A$2:$A$2000,$E14,Inspections!$U$2:$U$2000,"REPLACE")) | H14: =IF(OR($A14="",$E14=""),"",COUNTIFS(Inspections!$A$2:$A$2000,$E14,Inspections!$U$2:$U$2000,"WATCH")) | I14: =IF(OR($A14="",$E14=""),"",COUNTIFS(Inspections!$A$2:$A$2000,$E14,Inspections!$U$2:$U$2000,"OK")) | J14: =IF(OR($A14="",$E14=""),"",IF($F14=0,"",99-SUMPRODUCT(MAX((Inspections!$A$2:$A$2000=$E14)*(Inspections!$R$2:$R$2000<>"")*(99-Inspections!$R$2:$R$2000))))) | K14: =IF(OR($A14="",$J14=""),"",IFERROR(INDEX(Inspections!$J$2:$J$2000,SUMPRODUCT(MAX((Inspections!$A$2:$A$2000=$E14)*(Inspections!$R$2:$R$2000=$J14)*ROW(Inspections!$J$2:$J$2000)))-1),"")) | L14: =IF(OR($A14="",$E14=""),"",IF($G14>0,"Replace "&$G14&" tire(s) now — unit is out of service",IF($H14>0,"Book "&$H14&" tire(s) soon","OK")))
B15: =IF(OR($A15="",$E15=""),"",IFERROR(INDEX(Inspections!$D$2:$D$2000,MATCH($E15,Inspections!$A$2:$A$2000,0)),"")) | C15: =IF(OR($A15="",$E15=""),"",IFERROR(INDEX(Inspections!$B$2:$B$2000,MATCH($E15,Inspections!$A$2:$A$2000,0)),"")) | D15: =IF(OR($A15="",$E15=""),"",IFERROR(INDEX(Inspections!$H$2:$H$2000,MATCH($E15,Inspections!$A$2:$A$2000,0)),"")) | E15: =IF($A15="","",IFERROR(INDEX(Inspections!$A$2:$A$2000,SUMPRODUCT(MAX((Inspections!$E$2:$E$2000=$A15)*(IFERROR(VALUE(LEFT(Inspections!$A$2:$A$2000,8)&MID(Inspections!$A$2:$A$2000,10,4)),0)=SUMPRODUCT(MAX((Inspections!$E$2:$E$2000=$A15)*IFERROR(VALUE(LEFT(Inspections!$A$2:$A$2000,8)&MID(Inspections!$A$2:$A$2000,10,4)),0))))*ROW(Inspections!$A$2:$A$2000)))-1),"")) | F15: =IF(OR($A15="",$E15=""),"",COUNTIFS(Inspections!$A$2:$A$2000,$E15,Inspections!$R$2:$R$2000,"<>")) | G15: =IF(OR($A15="",$E15=""),"",COUNTIFS(Inspections!$A$2:$A$2000,$E15,Inspections!$U$2:$U$2000,"REPLACE")) | H15: =IF(OR($A15="",$E15=""),"",COUNTIFS(Inspections!$A$2:$A$2000,$E15,Inspections!$U$2:$U$2000,"WATCH")) | I15: =IF(OR($A15="",$E15=""),"",COUNTIFS(Inspections!$A$2:$A$2000,$E15,Inspections!$U$2:$U$2000,"OK")) | J15: =IF(OR($A15="",$E15=""),"",IF($F15=0,"",99-SUMPRODUCT(MAX((Inspections!$A$2:$A$2000=$E15)*(Inspections!$R$2:$R$2000<>"")*(99-Inspections!$R$2:$R$2000))))) | K15: =IF(OR($A15="",$J15=""),"",IFERROR(INDEX(Inspections!$J$2:$J$2000,SUMPRODUCT(MAX((Inspections!$A$2:$A$2000=$E15)*(Inspections!$R$2:$R$2000=$J15)*ROW(Inspections!$J$2:$J$2000)))-1),"")) | L15: =IF(OR($A15="",$E15=""),"",IF($G15>0,"Replace "&$G15&" tire(s) now — unit is out of service",IF($H15>0,"Book "&$H15&" tire(s) soon","OK")))
B16: =IF(OR($A16="",$E16=""),"",IFERROR(INDEX(Inspections!$D$2:$D$2000,MATCH($E16,Inspections!$A$2:$A$2000,0)),"")) | C16: =IF(OR($A16="",$E16=""),"",IFERROR(INDEX(Inspections!$B$2:$B$2000,MATCH($E16,Inspections!$A$2:$A$2000,0)),"")) | D16: =IF(OR($A16="",$E16=""),"",IFERROR(INDEX(Inspections!$H$2:$H$2000,MATCH($E16,Inspections!$A$2:$A$2000,0)),"")) | E16: =IF($A16="","",IFERROR(INDEX(Inspections!$A$2:$A$2000,SUMPRODUCT(MAX((Inspections!$E$2:$E$2000=$A16)*(IFERROR(VALUE(LEFT(Inspections!$A$2:$A$2000,8)&MID(Inspections!$A$2:$A$2000,10,4)),0)=SUMPRODUCT(MAX((Inspections!$E$2:$E$2000=$A16)*IFERROR(VALUE(LEFT(Inspections!$A$2:$A$2000,8)&MID(Inspections!$A$2:$A$2000,10,4)),0))))*ROW(Inspections!$A$2:$A$2000)))-1),"")) | F16: =IF(OR($A16="",$E16=""),"",COUNTIFS(Inspections!$A$2:$A$2000,$E16,Inspections!$R$2:$R$2000,"<>")) | G16: =IF(OR($A16="",$E16=""),"",COUNTIFS(Inspections!$A$2:$A$2000,$E16,Inspections!$U$2:$U$2000,"REPLACE")) | H16: =IF(OR($A16="",$E16=""),"",COUNTIFS(Inspections!$A$2:$A$2000,$E16,Inspections!$U$2:$U$2000,"WATCH")) | I16: =IF(OR($A16="",$E16=""),"",COUNTIFS(Inspections!$A$2:$A$2000,$E16,Inspections!$U$2:$U$2000,"OK")) | J16: =IF(OR($A16="",$E16=""),"",IF($F16=0,"",99-SUMPRODUCT(MAX((Inspections!$A$2:$A$2000=$E16)*(Inspections!$R$2:$R$2000<>"")*(99-Inspections!$R$2:$R$2000))))) | K16: =IF(OR($A16="",$J16=""),"",IFERROR(INDEX(Inspections!$J$2:$J$2000,SUMPRODUCT(MAX((Inspections!$A$2:$A$2000=$E16)*(Inspections!$R$2:$R$2000=$J16)*ROW(Inspections!$J$2:$J$2000)))-1),"")) | L16: =IF(OR($A16="",$E16=""),"",IF($G16>0,"Replace "&$G16&" tire(s) now — unit is out of service",IF($H16>0,"Book "&$H16&" tire(s) soon","OK")))
B17: =IF(OR($A17="",$E17=""),"",IFERROR(INDEX(Inspections!$D$2:$D$2000,MATCH($E17,Inspections!$A$2:$A$2000,0)),"")) | C17: =IF(OR($A17="",$E17=""),"",IFERROR(INDEX(Inspections!$B$2:$B$2000,MATCH($E17,Inspections!$A$2:$A$2000,0)),"")) | D17: =IF(OR($A17="",$E17=""),"",IFERROR(INDEX(Inspections!$H$2:$H$2000,MATCH($E17,Inspections!$A$2:$A$2000,0)),"")) | E17: =IF($A17="","",IFERROR(INDEX(Inspections!$A$2:$A$2000,SUMPRODUCT(MAX((Inspections!$E$2:$E$2000=$A17)*(IFERROR(VALUE(LEFT(Inspections!$A$2:$A$2000,8)&MID(Inspections!$A$2:$A$2000,10,4)),0)=SUMPRODUCT(MAX((Inspections!$E$2:$E$2000=$A17)*IFERROR(VALUE(LEFT(Inspections!$A$2:$A$2000,8)&MID(Inspections!$A$2:$A$2000,10,4)),0))))*ROW(Inspections!$A$2:$A$2000)))-1),"")) | F17: =IF(OR($A17="",$E17=""),"",COUNTIFS(Inspections!$A$2:$A$2000,$E17,Inspections!$R$2:$R$2000,"<>")) | G17: =IF(OR($A17="",$E17=""),"",COUNTIFS(Inspections!$A$2:$A$2000,$E17,Inspections!$U$2:$U$2000,"REPLACE")) | H17: =IF(OR($A17="",$E17=""),"",COUNTIFS(Inspections!$A$2:$A$2000,$E17,Inspections!$U$2:$U$2000,"WATCH")) | I17: =IF(OR($A17="",$E17=""),"",COUNTIFS(Inspections!$A$2:$A$2000,$E17,Inspections!$U$2:$U$2000,"OK")) | J17: =IF(OR($A17="",$E17=""),"",IF($F17=0,"",99-SUMPRODUCT(MAX((Inspections!$A$2:$A$2000=$E17)*(Inspections!$R$2:$R$2000<>"")*(99-Inspections!$R$2:$R$2000))))) | K17: =IF(OR($A17="",$J17=""),"",IFERROR(INDEX(Inspections!$J$2:$J$2000,SUMPRODUCT(MAX((Inspections!$A$2:$A$2000=$E17)*(Inspections!$R$2:$R$2000=$J17)*ROW(Inspections!$J$2:$J$2000)))-1),"")) | L17: =IF(OR($A17="",$E17=""),"",IF($G17>0,"Replace "&$G17&" tire(s) now — unit is out of service",IF($H17>0,"Book "&$H17&" tire(s) soon","OK")))
... B44: =IF(OR($A44="",$E44=""),"",IFERROR(INDEX(Inspections!$D$2:$D$2000,MATCH($E44,Inspections!$A$2:$A$2000,0)),"")) | C44: =IF(OR($A44="",$E44=""),"",IFERROR(INDEX(Inspections!$B$2:$B$2000,MATCH($E44,Inspections!$A$2:$A$2000,0)),"")) | D44: =IF(OR($A44="",$E44=""),"",IFERROR(INDEX(Inspections!$H$2:$H$2000,MATCH($E44,Inspections!$A$2:$A$2000,0)),"")) | E44: =IF($A44="","",IFERROR(INDEX(Inspections!$A$2:$A$2000,SUMPRODUCT(MAX((Inspections!$E$2:$E$2000=$A44)*(IFERROR(VALUE(LEFT(Inspections!$A$2:$A$2000,8)&MID(Inspections!$A$2:$A$2000,10,4)),0)=SUMPRODUCT(MAX((Inspections!$E$2:$E$2000=$A44)*IFERROR(VALUE(LEFT(Inspections!$A$2:$A$2000,8)&MID(Inspections!$A$2:$A$2000,10,4)),0))))*ROW(Inspections!$A$2:$A$2000)))-1),"")) | F44: =IF(OR($A44="",$E44=""),"",COUNTIFS(Inspections!$A$2:$A$2000,$E44,Inspections!$R$2:$R$2000,"<>")) | G44: =IF(OR($A44="",$E44=""),"",COUNTIFS(Inspections!$A$2:$A$2000,$E44,Inspections!$U$2:$U$2000,"REPLACE")) | H44: =IF(OR($A44="",$E44=""),"",COUNTIFS(Inspections!$A$2:$A$2000,$E44,Inspections!$U$2:$U$2000,"WATCH")) | I44: =IF(OR($A44="",$E44=""),"",COUNTIFS(Inspections!$A$2:$A$2000,$E44,Inspections!$U$2:$U$2000,"OK")) | J44: =IF(OR($A44="",$E44=""),"",IF($F44=0,"",99-SUMPRODUCT(MAX((Inspections!$A$2:$A$2000=$E44)*(Inspections!$R$2:$R$2000<>"")*(99-Inspections!$R$2:$R$2000))))) | K44: =IF(OR($A44="",$J44=""),"",IFERROR(INDEX(Inspections!$J$2:$J$2000,SUMPRODUCT(MAX((Inspections!$A$2:$A$2000=$E44)*(Inspections!$R$2:$R$2000=$J44)*ROW(Inspections!$J$2:$J$2000)))-1),"")) | L44: =IF(OR($A44="",$E44=""),"",IF($G44>0,"Replace "&$G44&" tire(s) now — unit is out of service",IF($H44>0,"Book "&$H44&" tire(s) soon","OK")))
A46: Counts describe the latest inspection for each unit, identified by the highest inspection_id.
A47: If a unit is inspected twice in the same minute, only the later reference is used.
A48: Lowest tread is the smallest depth_min_32nds on that inspection, in 32nds of an inch.

Sheet README
A1: Scotia Tread Scanner — inspection workbook
A3: Getting this into Google Sheets
A4: 1. Upload this file to Google Drive, open it, then File > Save as Google Sheets.
A5: 2. Delete the yellow EXAMPLE row on the Inspections tab once your first real data arrives.
A7: Adding an inspection
A8: 1. In the app, finish the inspection and choose Share / download CSV.
A9: 2. In Google Sheets, click the Inspections tab, then File > Import > Upload.
A10: 3. Choose 'Append to current sheet' and 'Comma'. Leave 'Convert text to numbers' ticked.
A11: The CSV columns are written in the same order as this tab, so append lines up every time.
A13: Fleet Summary
A14: Type a unit number into each yellow cell in column A. Every other cell on that tab is a formula.
A15: The counts describe that unit's most recent inspection only, found by the highest inspection_id.
... A29: Columns Z onward feed the yard check report (tools/yardcheck): survey, vehicle type, axle role, config code, slot, valve cap and the fleet policy that applied.

Sheet Thresholds
A1: Threshold settings
A3: Setting | B3: Value (32nds) | C3: Note
A4: Steer minimum | B4: 4 | C4: Legal minimum for steer axle (LF, RF)
A5: Drive / trailer minimum | B5: 2 | C5: Legal minimum for every other position
A6: Watch band above minimum | B6: 2 | C6: WATCH = within this many 32nds above the minimum
A8: Yellow cells are inputs. The app applies its own copy of these thresholds when it writes the status column;
A9: these values are here so the workbook documents what the status column means.
